trial_number,start_time,end_time,stimuli_colours,capture_colour,left_orientation,right_orientation,target_bar,report_orientation,performance,difference
1,1680085150.0478709,1680085152.4307,"[[0.8, 0.2, 0.2], [0, 0.8, 0.4]]","[0.8, 0.2, 0.2]",56,-62,left,42,84,14
2,1680085152.4307,1680085154.5297163,"[[0.9, 0.8, 0.3], [0, 0.6, 1]]","[0.9, 0.8, 0.3]",-67,-69,left,-57,89,10
3,1680085154.5297163,1680085156.7799296,"[[0.8, 0.2, 0.2], [0, 0.6, 1]]","[0, 0.6, 1]",28,-13,right,22,61,35
4,1680085156.7799296,1680085159.1294193,"[[0, 0.8, 0.4], [0, 0.6, 1]]","[0, 0.8, 0.4]",21,-41,right,33,18,74
5,1680085159.1294193,1680085161.5461235,"[[0, 0.8, 0.4], [0.9, 0.8, 0.3]]","[0.9, 0.8, 0.3]",-26,71,right,64,92,7
