trial_number,start_time,end_time,stimuli_colours,capture_colour,left_orientation,right_orientation,target_bar,target_colour,target_orientation,report_orientation,performance,difference
1,1680089622.4796214,1680089626.4584386,"[[0.8, 0.2, 0.2], [0, 0.8, 0.4]]","[0, 0.8, 0.4]",-23,-26,left,"[0.8, 0.2, 0.2]",-23,-27,96,4
2,1680089626.4584386,1680089630.9255607,"[[0.8, 0.2, 0.2], [0, 0.8, 0.4]]","[0.8, 0.2, 0.2]",54,0,right,"[0, 0.8, 0.4]",0,-12,87,12
3,1680089630.9255607,1680089635.6919324,"[[0, 0.6, 1], [0.8, 0.2, 0.2]]","[0.8, 0.2, 0.2]",71,-61,left,"[0, 0.6, 1]",71,68,97,3
4,1680089635.6919324,1680089639.4578664,"[[0, 0.8, 0.4], [0, 0.6, 1]]","[0, 0.8, 0.4]",35,-72,left,"[0, 0.8, 0.4]",35,15,78,20
5,1680089639.4578664,1680089644.8079982,"[[0.8, 0.2, 0.2], [0, 0.6, 1]]","[0.8, 0.2, 0.2]",-63,4,left,"[0.8, 0.2, 0.2]",-63,-63,100,0
