trial_number,start_time,end_time,stimuli_colours,capture_colour,left_orientation,right_orientation,target_bar,target_colour,target_orientation,report_orientation,performance,difference
1,0:02:30.691122,0:02:34.797286,"[[0, 0.6, 1], [0.8, 0.2, 0.2]]","[0, 0.6, 1]",37,-52,left,"[0, 0.6, 1]",37,39,98,2
2,0:02:34.797286,0:02:39.531252,"[[0, 0.6, 1], [0.9, 0.8, 0.3]]","[0, 0.6, 1]",59,73,right,"[0.9, 0.8, 0.3]",73,86,86,13
3,0:02:39.531252,0:02:43.797426,"[[0, 0.8, 0.4], [0.8, 0.2, 0.2]]","[0.8, 0.2, 0.2]",-43,9,left,"[0, 0.8, 0.4]",-43,32,17,75
4,0:02:43.797426,0:02:47.931344,"[[0.9, 0.8, 0.3], [0, 0.8, 0.4]]","[0.9, 0.8, 0.3]",-22,-50,right,"[0, 0.8, 0.4]",-50,-40,89,10
5,0:02:47.931344,0:02:52.030804,"[[0.8, 0.2, 0.2], [0, 0.6, 1]]","[0, 0.6, 1]",-35,-1,left,"[0.8, 0.2, 0.2]",-35,-27,91,8
6,0:02:52.030804,0:02:56.597367,"[[0.9, 0.8, 0.3], [0, 0.6, 1]]","[0.9, 0.8, 0.3]",-5,52,left,"[0.9, 0.8, 0.3]",-5,48,41,53
7,0:02:56.597367,0:03:01.097341,"[[0.9, 0.8, 0.3], [0, 0.8, 0.4]]","[0.9, 0.8, 0.3]",33,-65,right,"[0, 0.8, 0.4]",-65,54,32,61
8,0:03:01.097341,0:03:05.114702,"[[0.8, 0.2, 0.2], [0, 0.6, 1]]","[0.8, 0.2, 0.2]",55,6,left,"[0.8, 0.2, 0.2]",55,45,89,10
