trial_number,start_time,end_time,stimuli_colours,capture_colour,left_orientation,right_orientation,target_bar,report_orientation,performance,difference
1,1680087153.8063602,1680087158.6105995,"[[0.8, 0.2, 0.2], [0, 0.8, 0.4]]","[0.8, 0.2, 0.2]",-55,39,left,84,54,41
2,1680087158.6105995,1680087161.5950875,"[[0, 0.6, 1], [0, 0.8, 0.4]]","[0, 0.6, 1]",16,-53,left,90,18,74
3,1680087161.5950875,1680087164.244387,"[[0.9, 0.8, 0.3], [0, 0.6, 1]]","[0, 0.6, 1]",-2,-41,left,92,4,86
4,1680087164.244387,1680087166.8447926,"[[0.9, 0.8, 0.3], [0.8, 0.2, 0.2]]","[0.8, 0.2, 0.2]",33,76,left,-58,1,89
5,1680087166.8447926,1680087169.8275456,"[[0.8, 0.2, 0.2], [0, 0.8, 0.4]]","[0.8, 0.2, 0.2]",11,-69,right,92,79,19
