trial_number,start_time,end_time,left_bar_rotation,right_bar_rotation,report_orientation,performance,difference
1,1679908667.696074,1679908682.4968653,-40,33,-18.0,76,22
2,1679908682.4968653,1679908684.8462083,16,45,19.5,96,4
3,1679908684.8462083,1679908686.9477465,38,34,28.5,89,10
4,1679908686.9477465,1679908689.4141042,-65,-42,-69.0,96,4
5,1679908689.4141042,1679908691.5797026,31,5,27.0,96,4
