trial_number,start_time,end_time,left_bar_rotation,right_bar_rotation,report_orientation,performance,difference
1,1679989015.7587364,1679989041.7112663,75,-38,-16,1,89
2,1679989041.7112663,1679989044.0786283,-42,21,-42,100,0
3,1679989044.0786283,1679989045.9119911,38,-24,37,99,1
4,1679989045.9119911,1679989048.0778403,34,72,32,98,2
5,1679989048.0778403,1679989049.9615755,8,5,14,93,6
